Page, Total Adds
page_1, 32
ID, Title, Price, ProductionYear, Mileage, Power, Fuel, Link
6094813037,Mercedes-Benz ACTROS,48 000 EUR,2018,529 843 km,12 809 cm3,Diesel, https://www.otomoto.pl/oferta/mercedes-benz-actros-mercedes-benz-actros-1845-ID6Etdi5.html
6099545576,Mercedes-Benz Actros 1842,99 000 PLN,2015,1 120 000 km,12 809 cm3,Diesel, https://www.otomoto.pl/oferta/mercedes-benz-actros-1842-actros-1842-eurovi-z-transportu-miedzynarodowego-ID6EN4rm.html
6099022243,Mercedes-Benz ACTROS MP4,76 000 PLN,2014,850 000 km,10 677 cm3,Diesel, https://www.otomoto.pl/oferta/mercedes-benz-actros-mp4-ID6EKSiw.html
6099018189,Mercedes-Benz Actros 1845 Bigspace Lowdeck,59 900 EUR,2019,376 365 km,,Diesel, https://www.otomoto.pl/oferta/mercedes-benz-actros-1845-bigspace-lowdeck-ID6EKRf7.html
6099867112,Mercedes-Benz Actros,212 000 PLN,2017,607 000 km,,Diesel, https://www.otomoto.pl/oferta/mercedes-benz-actros-mercedes-actros-mp4-450-big-space-standard-2017-cesja-ID6EOq5q.html
6099451962,Mercedes-Benz ACTROS,135 000 PLN,2016,698 200 km,12 809 cm3,Diesel, https://www.otomoto.pl/oferta/mercedes-benz-actros-mercedes-benz-ciagnik-siodlowy-1848-lsnrl-rok-2016-euro-6-mega-ID6EMG5s.html
6099004126,Mercedes-Benz ACTROS / 1845 / ACC / MP 4 / EURO 6 / STREAM  SPACE,248 000 PLN,2017,410 000 km,12 809 cm3,Diesel, https://www.otomoto.pl/oferta/mercedes-benz-actros-1845-acc-mp-4-euro-6-stream-space-ID6EKNAi.html
6094399076,Mercedes-Benz ACTROS 1845 2015 EURO 6_STANDARD_SALON PL_ŁADNY,115 000 PLN,2015,1 100 000 km,999 cm3,Diesel, https://www.otomoto.pl/oferta/mercedes-benz-actros-1845-2015-euro-6-standard-salon-pl-ladny-ID6ErtBi.html
6094303993,Mercedes-Benz ACTROS MP4 1845 2014/15 EURO 6_AUTOMAT_STANDARD_ŁADNY,115 000 PLN,2014,833 000 km,999 cm3,Diesel, https://www.otomoto.pl/oferta/mercedes-benz-actros-mp4-1845-2014-15-euro-6-automat-standard-ladny-ID6Er4RH.html
6094065233,Mercedes-Benz ACTROS 1845 E6 12.2015_NOWE OPONY_SALON PL_ZADBANY !! STANDARD!!,132 000 PLN,2015,924 000 km,999 cm3,Diesel, https://www.otomoto.pl/oferta/mercedes-benz-actros-1845-e6-12-2015-nowe-opony-salon-pl-zadbany-standard-ID6Eq4KJ.html
6099108340,Mercedes-Benz Actros 1845,55 000 EUR,2018,519 000 km,12 809 cm3,Diesel, https://www.otomoto.pl/oferta/mercedes-benz-actros-1845-bigspace-lowdec-bez-retardera-po-serwisie-klima-ID6ELeHa.html
6099863896,Mercedes-Benz ACTROS MP4,65 000 PLN,2015,823 000 km,480 cm3,Diesel, https://www.otomoto.pl/oferta/mercedes-benz-actros-mp4-mercedes-actros-mp4-2015-rok-480-standard-ID6EOpfy.html
6098226642,Mercedes-Benz Actros 1845 LS,64 500 EUR,2018,458 852 km,,Diesel, https://www.otomoto.pl/oferta/mercedes-benz-actros-1845-ls-bez-retardera-ID6EHxke.html
6099403969,Mercedes-Benz ACTROS 1848 LS STANDART GIGA SPACE,79 999 EUR,2019,364 000 km,12 809 cm3,Diesel, https://www.otomoto.pl/oferta/mercedes-benz-actros-1848-ls-standart-giga-space-actrosgiga-space480-km-ID6EMtBn.html
6099352670,Mercedes-Benz Actros,20 500 EUR,2014,1 100 000 km,,Diesel, https://www.otomoto.pl/oferta/mercedes-benz-actros-mercedes-1845-euro6-2014r-big-space-ID6EMgfY.html
6099166325,Mercedes-Benz Actros,17 900 EUR,2014,1 070 000 km,,Diesel, https://www.otomoto.pl/oferta/mercedes-benz-actros-mercedes-actros-1845-space-cab-ID6ELtMp.html
6095898634,Mercedes-Benz ACTROS MP4,65 000 PLN,2015,698 000 km,450 cm3,Diesel, https://www.otomoto.pl/oferta/mercedes-benz-actros-mp4-mercedes-actros-mp4-2015-rok-450-standard-ID6ExLHI.html
6099862871,Mercedes-Benz Actros MP4 euro 6,27 900 EUR,2016,784 000 km,,Diesel, https://www.otomoto.pl/oferta/mercedes-benz-actros-mp4-euro-6-actros-mp4-low-deck-ID6EOoZ1.html
6095276712,Mercedes-Benz Actros 1853/EURO6,297 700 PLN,2017,445 000 km,,Diesel, https://www.otomoto.pl/oferta/mercedes-benz-actros-1853-euro6-ID6Ew9UI.html
6098426513,Mercedes-Benz Actros 1843,147 000 PLN,2015,559 151 km,10 677 cm3,Diesel, https://www.otomoto.pl/oferta/mercedes-benz-actros-1843-3167-mercedes-actros-1843-4x2-ciagnik-siodlowy-hydraulika-2015-r-ID6EInjX.html
6099397369,Mercedes-Benz 1848 LS standard bez retardera,47 000 EUR,2017,520 000 km,12 809 cm3,Diesel, https://www.otomoto.pl/oferta/mercedes-benz-1848-ls-standard-bez-retardera-bigspace-1845-ls-7-2017-520tkm-bez-retardera-po-serwisie-ID6EMrSW.html
6099517523,Mercedes-Benz Actros MP4,95 000 PLN,2014,1 110 000 km,12 809 cm3,Diesel, https://www.otomoto.pl/oferta/mercedes-benz-actros-mp4-mercedes-actros-mp4-stand-1845-euro6-2014-krajowy-dobrze-wyposazony-ID6EMX8T.html
6099515482,Mercedes-Benz ACTROS MP4,240 000 PLN,2017,550 000 km,12 809 cm3,Diesel, https://www.otomoto.pl/oferta/mercedes-benz-actros-mp4-mercedes-actros-mp4-mega-streamspace-euro6-krajowy-serwisowany-ID6EMVBY.html
6097586841,Mercedes-Benz MP4,120 000 PLN,2014,826 000 km,,Diesel, https://www.otomoto.pl/oferta/mercedes-benz-mp4-mercedes-benz-actros-mp4-2014r-460km-ID6EEQSR.html
6098447175,Mercedes-Benz Actros 1845 Bigspace Lowdeck,37 900 EUR,2016,528 340 km,,Diesel, https://www.otomoto.pl/oferta/mercedes-benz-actros-1845-bigspace-lowdeck-ID6EIsHd.html
6098422813,Mercedes-Benz Actros 1845 Bigspace Lowdeck,44 900 EUR,2018,626 846 km,,Diesel, https://www.otomoto.pl/oferta/mercedes-benz-actros-1845-bigspace-lowdeck-ID6EImmh.html
6098418155,Mercedes-Benz Actros 1845 Bigspace Lowdeck,58 900 EUR,2019,463 249 km,,Diesel, https://www.otomoto.pl/oferta/mercedes-benz-actros-1845-bigspace-lowdeck-ID6EIl99.html
6098331934,Mercedes-Benz 1845 Actros Bigspace Lowdeck,47 900 EUR,2018,553 671 km,,Diesel, https://www.otomoto.pl/oferta/mercedes-benz-1845-actros-bigspace-lowdeck-ID6EHYIu.html
6099861499,Mercedes-Benz,73 500 EUR,2019,412 000 km,,Diesel, https://www.otomoto.pl/oferta/mercedes-benz-2019-rok-big-space-ID6EOoCT.html
6099515770,Mercedes-Benz Actros 1845,284 000 PLN,2020,148 000 km,12 800 cm3,Diesel, https://www.otomoto.pl/oferta/mercedes-benz-actros-1845-stan-idealny-retarder-mercedes-benz-actros-1845-ID6EMVGC.html
6099389752,Mercedes-Benz Actros 1843*Euro 6*2015*Retarder*1 Tank,33 700 EUR,2015,382 000 km,,Diesel, https://www.otomoto.pl/oferta/mercedes-benz-actros-1843euro-62015retarder1-tank-1843-4x2-2015-rok-euro-6-z-francji-retarder-ID6EMpU4.html
6089392879,Mercedes-Benz ACTROS 1845 LSnRL,55 000 EUR,2017,342 000 km,,Diesel, https://www.otomoto.pl/oferta/mercedes-benz-actros-1845-lsnrl-niski-przebieg-opony-90-aso-ID6E6tgb.html

Page, Total Adds
page_2, 32
ID, Title, Price, ProductionYear, Mileage, Power, Fuel, Link
6099383345,Mercedes-Benz Actros MP 4,33 900 EUR,2015,650 000 km,12 809 cm3,Diesel, https://www.otomoto.pl/oferta/mercedes-benz-actros-mp-4-1848-z-hydraulikom-1845-ID6EMoeJ.html
6099445371,Mercedes-Benz ACTROS,170 000 PLN,2014,805 000 km,12 809 cm3,Diesel, https://www.otomoto.pl/oferta/mercedes-benz-actros-mercedes-actros-2014-adr-fl-ID6EMEn9.html
6099859371,Mercedes-Benz ACTROS * 1845 BIG SPACE * SALONKA * STANDARD *,135 900 PLN,2015,890 000 km,12 809 cm3,Diesel, https://www.otomoto.pl/oferta/mercedes-benz-actros-1845-big-space-salonka-standard-ID6EOo4z.html
6096165567,Mercedes-Benz ACTROS 1842 2015_AUTOMAT_SERWISOWANY_ZADBANY_STANDARD,122 000 PLN,2015,821 000 km,999 cm3,Diesel, https://www.otomoto.pl/oferta/mercedes-benz-actros-1842-2015-automat-serwisowany-zadbany-standard-ID6EyT95.html
6098966507,Mercedes-Benz Actros,99 000 PLN,2014,944 876 km,,Diesel, https://www.otomoto.pl/oferta/mercedes-benz-actros-mercedes-actros-euro-6-low-deck-ID6EKDNx.html
6099857179,Mercedes-Benz 1848 Actros MP4 2016 / LEKKI,39 500 EUR,2016,600 000 km,1 300 cm3,Diesel, https://www.otomoto.pl/oferta/mercedes-benz-1848-actros-mp4-2016-lekki-ID6EOnwd.html
6099854661,Mercedes-Benz ACTROS 1845,295 000 PLN,2018,386 000 km,12 809 cm3,Diesel, https://www.otomoto.pl/oferta/mercedes-benz-actros-1845-mercedes-actros-1845-standard-salon-pl-cesja-ID6EOmQB.html
6099852092,Mercedes-Benz ACTROS 1845 AUTOMAT /MEGA/LOWDECK/,289 000 PLN,2019,370 000 km,,Diesel, https://www.otomoto.pl/oferta/mercedes-benz-actros-1845-automat-mega-lowdeck-gliwice-ID6EOmba.html
6099143738,Mercedes-Benz Actros  MP 4,46 000 EUR,2017,537 000 km,12 809 cm3,Diesel, https://www.otomoto.pl/oferta/mercedes-benz-actros-mp-4-1845-standard-2017r-1848-ID6ELnU6.html
6099143485,Mercedes-Benz ACTROS 1848 EURO 6  // SUPER STAN // SERWISOWANY //,168 000 PLN,2016,498 000 km,,Diesel, https://www.otomoto.pl/oferta/mercedes-benz-actros-1848-euro-6-super-stan-serwisowany-auto-bednarczyk-pl-inne-w-ofercie-ID6ELnQ1.html
6098155193,Mercedes-Benz Actros MP4,115 000 PLN,2014,900 000 km,,Diesel, https://www.otomoto.pl/oferta/mercedes-benz-actros-mp4-mercedes-actros-mp4-standard-euro-6-2014-rok-ID6EHeJP.html
6099848729,Mercedes-Benz ACTROS 1848 Giga-Space,99 900 EUR,2020,120 000 km,12 000 cm3,Diesel, https://www.otomoto.pl/oferta/mercedes-benz-actros-1848-giga-space-ID6EOliW.html
6099494696,Mercedes-Benz 1845 Actros Euro 6 12809ccm - 449KM 18t 11-19,102 950 PLN,2016,848 197 km,12 809 cm3,Diesel, https://www.otomoto.pl/oferta/mercedes-benz-1845-actros-euro-6-12809ccm-449km-18t-11-19-pnt83031-ID6EMRcI.html
6098034311,Mercedes-Benz Actros 1845,74 000 EUR,2019,500 000 km,12 809 cm3,Diesel, https://www.otomoto.pl/oferta/mercedes-benz-actros-1845-actros-1845-giga-space-pierwszy-wlasciciel-serwisowany-w-aso-ID6EGJi7.html
6099130160,Mercedes-Benz Actros 1843 LS,157 000 PLN,2017,557 624 km,10 677 cm3,Diesel, https://www.otomoto.pl/oferta/mercedes-benz-actros-1843-ls-adr-fl-w-tym-ex-ii-ex-iii-i-at-ID6ELkn6.html
6099647839,Mercedes-Benz Actros 1845 LS,55 000 EUR,2017,489 000 km,12 800 cm3,Diesel, https://www.otomoto.pl/oferta/mercedes-benz-actros-1845-ls-pelny-adr-psm-aso-opony-80-ID6ENw2L.html
6099843786,Mercedes-Benz,53 800 EUR,2018,480 000 km,,Diesel, https://www.otomoto.pl/oferta/mercedes-benz-5xactros-standart-2018-ID6EOk1c.html
6099485068,Mercedes-Benz ACTROS  18.48   EURO 6  BICSPACE !!!,152 000 PLN,2016,633 916 km,12 419 cm3,Diesel, https://www.otomoto.pl/oferta/mercedes-benz-actros-18-48-euro-6-bicspace-ID6EMOHq.html
6096819607,Mercedes-Benz ACTROS,209 000 PLN,2016,560 000 km,12 809 cm3,Diesel, https://www.otomoto.pl/oferta/mercedes-benz-actros-leasing-do-przejecia-giga-space-air-bag-duza-navi-standard-ID6EBDi7.html
6099839518,Mercedes-Benz 1836 Actros E5 18.0t,73 000 PLN,2016,485 829 km,11 946 cm3,Diesel, https://www.otomoto.pl/oferta/mercedes-benz-1836-actros-e5-18-0t-okazja-2016rok-ID6EOiUm.html
6084979636,Mercedes-Benz Actros,145 000 PLN,2016,745 000 km,450 cm3,Diesel, https://www.otomoto.pl/oferta/mercedes-benz-actros-mercedes-benz-actros-2016-ciagnik-siodlowy-samochod-ciezarowy-mega-ID6DNXaQ.html
6099111146,Mercedes-Benz Actros,49 900 EUR,2017,550 000 km,12 809 cm3,Diesel, https://www.otomoto.pl/oferta/mercedes-benz-actros-rezerwacja-1848-standard-gigaspace-po-serwisie-bez-retatdera-ID6ELfqq.html
6099645436,Mercedes-Benz ACTROS 1843 / 2 ZBIORNIKI / 460 000 KM / Z FRANCJI / STAN BDB / / /,129 900 PLN,2016,460 000 km,,Diesel, https://www.otomoto.pl/oferta/mercedes-benz-actros-1843-2-zbiorniki-460-000-km-z-francji-stan-bdb-ID6ENuq0.html
6097913077,Mercedes-Benz Actros 1845 LS * Klima Postojowa * Stan perfekcyjny,285 000 PLN,2017,437 000 km,12 809 cm3,Diesel, https://www.otomoto.pl/oferta/mercedes-benz-actros-1845-ls-klima-postojowa-stan-perfekcyjny-import-de-po-kontrakcie-serwisowym-ID6EGdKJ.html
6098176292,Mercedes-Benz Actros,76 500 EUR,2019,281 440 km,12 809 cm3,Diesel, https://www.otomoto.pl/oferta/mercedes-benz-actros-big-space-salon-pl-1845-mp5-zbiorniki-1420l-ID6EHke8.html
6098228389,Mercedes-Benz Actros,88 000 EUR,2020,190 108 km,12 809 cm3,Diesel, https://www.otomoto.pl/oferta/mercedes-benz-actros-mp-5-salon-pl-1845-ID6EHxMp.html
6098196904,Mercedes-Benz Actros,88 000 EUR,2020,193 370 km,12 809 cm3,Diesel, https://www.otomoto.pl/oferta/mercedes-benz-actros-mp-5-salon-pl-1845-ID6EHpAA.html
6096266748,Mercedes-Benz Actros 1848,298 000 PLN,2018,448 539 km,12 809 cm3,Diesel, https://www.otomoto.pl/oferta/mercedes-benz-actros-1848-bigspace-480-km-gotowy-do-jazdy-ID6Ezjt2.html
6099832272,Mercedes-Benz Actros,86 000 PLN,2014,583 787 km,12 809 cm3,Diesel, https://www.otomoto.pl/oferta/mercedes-benz-actros-actros-ID6EOh1u.html
6098167256,Mercedes-Benz Actros,39 000 EUR,2016,623 000 km,12 809 cm3,Diesel, https://www.otomoto.pl/oferta/mercedes-benz-actros-1848-ls-hydraulika-bigspace-bez-retardera-po-serwisie-ID6EHhSo.html
6094784741,Mercedes-Benz ACTROS 1851 / STREAM SPACE / EURO 6 /,129 900 PLN,2014,710 000 km,12 809 cm3,Diesel, https://www.otomoto.pl/oferta/mercedes-benz-actros-1851-stream-space-euro-6-ID6Et5WH.html
6094458038,Mercedes-Benz ACTROS 1848 / STREAM SPACE / RETARDER / EURO 6 /,129 900 PLN,2014,650 000 km,12 809 cm3,Diesel, https://www.otomoto.pl/oferta/mercedes-benz-actros-1848-stream-space-retarder-euro-6-ID6ErIVi.html

Page, Total Adds
page_3, 32
ID, Title, Price, ProductionYear, Mileage, Power, Fuel, Link
6099830007,Mercedes-Benz 1845,60 000 EUR,2018,460 000 km,12 809 cm3,Diesel, https://www.otomoto.pl/oferta/mercedes-benz-1845-ls-standard-bigspace-bez-retardera-po-serwisie-ID6EOgqX.html
6099829955,Mercedes-Benz Actros 1845 LS 4x2 BigSpace,64 100 EUR,2019,522 043 km,12 809 cm3,Diesel, https://www.otomoto.pl/oferta/mercedes-benz-actros-1845-ls-4x2-bigspace-ID6EOgq7.html
6099829945,Mercedes-Benz Actros 1845 LS 4x2 BigSpace,29 800 EUR,2016,1 006 894 km,12 809 cm3,Diesel, https://www.otomoto.pl/oferta/mercedes-benz-actros-1845-ls-4x2-bigspace-ID6EOgpX.html
6099829817,Mercedes-Benz Actros 1845 LS 4x2 BigSpace,29 100 EUR,2016,1 045 273 km,12 809 cm3,Diesel, https://www.otomoto.pl/oferta/mercedes-benz-actros-1845-ls-4x2-bigspace-ID6EOgnT.html
6099829707,Mercedes-Benz Actros 1845 LS 4x2 BigSpace,29 500 EUR,2016,1 024 205 km,12 809 cm3,Diesel, https://www.otomoto.pl/oferta/mercedes-benz-actros-1845-ls-4x2-bigspace-ID6EOgm7.html
6099642396,Mercedes-Benz 1845 LS standard bez retardera fabrycznie,69 999 EUR,2019,390 000 km,12 809 cm3,Diesel, https://www.otomoto.pl/oferta/mercedes-benz-1845-ls-standard-bez-retardera-fabrycznie-bigspace-ls-2019-6xnowe-opony315-70-22-5klima-postoj-ID6ENtCY.html
6099642218,Mercedes-Benz 1845 LS standard bez retardera fabrycznie,70 000 EUR,2019,390 000 km,12 809 cm3,Diesel, https://www.otomoto.pl/oferta/mercedes-benz-1845-ls-standard-bez-retardera-fabrycznie-bigspace-ls-2019-6xnowe-opony315-70-22-5klima-postoj-ID6ENtA6.html
6099828812,Mercedes-Benz Actros 1842 Low Liner,223 244 PLN,2018,455 000 km,12 800 cm3,Diesel, https://www.otomoto.pl/oferta/mercedes-benz-actros-1842-low-liner-mercedes-benz-actros-1842-niski-przebieg-ID6EOg7G.html
6094789124,Mercedes-Benz ACTROS 1851 / MP4 / RETARDER / HYDRAULIKA DWUOBIEGOWA / EURO 6 /,129 900 PLN,2014,698 000 km,12 809 cm3,Diesel, https://www.otomoto.pl/oferta/mercedes-benz-actros-1851-mp4-retarder-hydraulika-dwuobiegowa-euro-6-ID6Et74o.html
6098056244,Mercedes-Benz ACTROS 1845 - Big Space,73 500 EUR,2019,430 000 km,12 809 cm3,Diesel, https://www.otomoto.pl/oferta/mercedes-benz-actros-1845-big-space-actros-1845-big-space-jeden-wlasciciel-od-nowosci-ID6EGOZS.html
6098932230,Mercedes-Benz 1845 LS standard bez retardera fabrycznie,60 000 EUR,2018,450 000 km,12 809 cm3,Diesel, https://www.otomoto.pl/oferta/mercedes-benz-1845-ls-standard-bez-retardera-fabrycznie-bigspace-ls-2018-6xnowe-opony315-70-22-5klima-postoj-ID6EKuSG.html
6097825991,Mercedes-Benz ACTROS 1845,129 900 PLN,2014,811 000 km,,Diesel, https://www.otomoto.pl/oferta/mercedes-benz-actros-1845-porzadny-stan-bogata-wersja-radar-webasto-grzany-fotel-bez-retardera-ID6EFR67.html
6099627876,Mercedes-Benz Actros 1845 Bigspace,22 900 EUR,2014,952 661 km,,Diesel, https://www.otomoto.pl/oferta/mercedes-benz-actros-1845-bigspace-ID6ENpQM.html
6099627155,Mercedes-Benz Actros 1845 Bigspace,23 900 EUR,2014,823 851 km,,Diesel, https://www.otomoto.pl/oferta/mercedes-benz-actros-1845-bigspace-ID6ENpF9.html
6099625810,Mercedes-Benz ACTROS 1845 BIG SPACE  SALON POLSKA,159 900 PLN,2016,700 000 km,12 809 cm3,Diesel, https://www.otomoto.pl/oferta/mercedes-benz-actros-1845-big-space-salon-polska-ID6ENpjs.html
6099816311,Mercedes-Benz ACTROS 1843,145 000 PLN,2016,850 000 km,10 677 cm3,Diesel, https://www.otomoto.pl/oferta/mercedes-benz-actros-1843-z-niemiec-hydraulika-naczepa-meiller-ID6EOcS3.html
6098157396,Mercedes-Benz ACTROS,62 500 EUR,2019,554 000 km,12 809 cm3,Diesel, https://www.otomoto.pl/oferta/mercedes-benz-actros-1848-100-bezwypadkowy-stan-bardzo-dobry-i-wlasciciel-duze-zbiorni-ID6EHfjm.html
6096774800,Mercedes-Benz Actros 1853 / 2017 / BigSpace / Retarder / NAVI / Euro6 / Stan Idealny,269 600 PLN,2017,687 000 km,12 809 cm3,Diesel, https://www.otomoto.pl/oferta/mercedes-benz-actros-1853-2017-bigspace-retarder-navi-euro6-stan-idealny-mercedes-actros-1853-2017-swiezo-sprowadzony-ID6EBrDq.html
6099422506,Mercedes-Benz Actros,110 000 PLN,2014,860 000 km,,Diesel, https://www.otomoto.pl/oferta/mercedes-benz-actros-stan-bardzo-dobry-ID6EMyqm.html
6099810459,Mercedes-Benz Actros1845,83 500 PLN,2014,980 000 km,,Diesel, https://www.otomoto.pl/oferta/mercedes-benz-actros1845-ID6EOblF.html
6099794850,Mercedes-Benz 1845 LS nRL,74 900 EUR,2019,392 008 km,12 809 cm3,Diesel, https://www.otomoto.pl/oferta/mercedes-benz-1845-ls-nrl-mercedes-benz-actros-modellgeneration-1-1845-ls-nrl-szm-low-liner-ID6EO7hU.html
6099567601,Mercedes-Benz actros 1845LOW DECK  | MEGA  MP4 EURO6,42 500 EUR,2017,480 000 km,12 809 cm3,Diesel, https://www.otomoto.pl/oferta/mercedes-benz-actros-1845low-deck-mega-mp4-euro6-rezerwacja-bigspace-05-2017-480tkm-bez-retardera-po-serwisie-ID6ENaaB.html
6099615126,Mercedes-Benz ACTROS 1845 / 315/70 / Z FRANCJI / SPOILERY / 12/2016 / STAN BDB / / /,119 900 PLN,2016,880 000 km,,Diesel, https://www.otomoto.pl/oferta/mercedes-benz-actros-1845-315-70-z-francji-spoilery-12-2016-stan-bdb-ID6ENmx8.html
6099120873,Mercedes-Benz ACTROS 1845,134 000 PLN,2014,970 000 km,,Diesel, https://www.otomoto.pl/oferta/mercedes-benz-actros-1845-ID6ELhXj.html
6099806100,Mercedes-Benz Actros,300 000 PLN,2018,492 000 km,12 809 cm3,Diesel, https://www.otomoto.pl/oferta/mercedes-benz-actros-mercedes-benz-actros-1845-bigspace-lowdeck-ID6EOadm.html
6080652899,Mercedes-Benz Actros 1842,84 900 PLN,2014,1 010 571 km,12 809 cm3,Diesel, https://www.otomoto.pl/oferta/mercedes-benz-actros-1842-mercedes-actros-mp4-1842-aso-polska-kontrakt-serwis-ID6DwNAL.html
6098599173,Mercedes-Benz ACTROS MP4 1848 EURO-6 MEGA/ LOW-DECK GIGA SPACE,267 000 PLN,2019,399 000 km,12 902 cm3,Diesel, https://www.otomoto.pl/oferta/mercedes-benz-actros-mp4-1848-euro-6-mega-low-deck-giga-space-mercedes-actros-mp4-gig-space-1848-euro-6-mega-low-deck-ID6EJ6eN.html
6098713707,Mercedes-Benz ACTROS MP4 1845 EURO-6 MEGA/ LOW-DECK,255 000 PLN,2019,400 000 km,12 902 cm3,Diesel, https://www.otomoto.pl/oferta/mercedes-benz-actros-mp4-1845-euro-6-mega-low-deck-mercedes-actros-mp4-big-space-1845-euro-6-mega-low-deck-ID6EJA27.html
6090621169,Mercedes-Benz 1845LS,52 000 EUR,2017,470 000 km,12 800 cm3,Diesel, https://www.otomoto.pl/oferta/mercedes-benz-1845ls-retarder-klima-postojowa-import-niemcy-pelna-historia-ID6EbCNj.html
6096791505,Mercedes-Benz Actros 1845LS,52 000 EUR,2018,460 000 km,12 800 cm3,Diesel, https://www.otomoto.pl/oferta/mercedes-benz-actros-1845ls-aso-stan-wzorowy-ID6EBwYR.html
6089633125,Mercedes-Benz ACTROS 1848 Giga-Space,99 900 EUR,2018,120 000 km,12 000 cm3,Diesel, https://www.otomoto.pl/oferta/mercedes-benz-actros-1848-giga-space-ID6E7tL7.html
6096989870,Mercedes-Benz ACTROS 1845 LSnRL / BIG SPACE / LOW DECK / MEGA,325 000 PLN,2018,323 000 km,12 809 cm3,Diesel, https://www.otomoto.pl/oferta/mercedes-benz-actros-1845-lsnrl-big-space-low-deck-mega-i-rej-03-2020-na-gwarancji-do-06-03-2023-mozliwosc-finansowania-ID6EClAi.html

Page, Total Adds
page_4, 32
ID, Title, Price, ProductionYear, Mileage, Power, Fuel, Link
6099084916,Mercedes-Benz Actros ADR BEZ Przebiegu ! Waga 7000 kg,299 000 PLN,2016,42 000 km,,Diesel, https://www.otomoto.pl/oferta/mercedes-benz-actros-adr-bez-przebiegu-waga-7000-kg-bez-przebiegu-waga-7000-kg-ID6EL8Bm.html
6099395344,Mercedes-Benz Antos/ Actros/ Axor/ 1835/,159 500 PLN,2015,215 000 km,,Diesel, https://www.otomoto.pl/oferta/mercedes-benz-antos-actros-axor-1835-sprowadzony-z-niemiec-jak-nowy-ID6EMrmg.html
6099797718,Mercedes-Benz ACTROS,99 000 PLN,2014,884 000 km,,Diesel, https://www.otomoto.pl/oferta/mercedes-benz-actros-mercedes-actros-pierwsza-rejestracja-08-2015-pierwszy-wlasciciel-ID6EO82a.html
6094136419,Mercedes-Benz Actros 1851,100 000 EUR,2022,1 km,,Diesel, https://www.otomoto.pl/oferta/mercedes-benz-actros-1851-mercedes-benz-actros-5-1851-2022r-ID6EqngT.html
6097489827,Mercedes-Benz ACTROS 1845LS,250 000 PLN,2017,512 000 km,12 800 cm3,Diesel, https://www.otomoto.pl/oferta/mercedes-benz-actros-1845ls-ID6EErE7.html
6099793978,Mercedes-Benz 1845 LS standard bez retardera,47 000 EUR,2017,520 000 km,12 809 cm3,Diesel, https://www.otomoto.pl/oferta/mercedes-benz-1845-ls-standard-bez-retardera-bigspace-1845-ls-7-2017-520tkm-bez-retardera-po-serwisie-ID6EO73Q.html
6099793039,Mercedes-Benz ACTROS,100 000 PLN,2014,1 041 072 km,12 809 cm3,Diesel, https://www.otomoto.pl/oferta/mercedes-benz-actros-ID6EO6OH.html
6097162421,Mercedes-Benz ACTROS 1845 MEGA,92 000 PLN,2014,946 000 km,,Diesel, https://www.otomoto.pl/oferta/mercedes-benz-actros-1845-mega-mercedes-actros-1845-mega-pierwszy-wlasciciel-ID6ED4tn.html
6099584365,Mercedes-Benz ACTROS 1845 EURO 6 BIGSPACE  RETARDER STANDARD SALON POLSKA JAK NOWY !!!!,269 000 PLN,2018,490 000 km,12 809 cm3,Diesel, https://www.otomoto.pl/oferta/mercedes-benz-actros-1845-euro-6-bigspace-retarder-standard-salon-polska-jak-nowy-acc-aktywny-tempomat-ID6ENevZ.html
6099583999,Mercedes-Benz Actros 1845 Bigspace Lowdeck,58 500 EUR,2018,393 251 km,,Diesel, https://www.otomoto.pl/oferta/mercedes-benz-actros-1845-bigspace-lowdeck-ID6ENer5.html
6099583920,Mercedes-Benz Actros 1845 Bigspace Lowdeck,58 900 EUR,2018,348 322 km,,Diesel, https://www.otomoto.pl/oferta/mercedes-benz-actros-1845-bigspace-lowdeck-ID6ENepO.html
6098896887,Mercedes-Benz Actros 1840,26 500 EUR,2014,56 000 km,,Diesel, https://www.otomoto.pl/oferta/mercedes-benz-actros-1840-mercedes-actros-1840-adr-rezerwacja-ID6EKlGD.html
6099074807,Mercedes-Benz Actros 1840,95 000 PLN,2014,780 000 km,10 677 cm3,Diesel, https://www.otomoto.pl/oferta/mercedes-benz-actros-1840-mercedes-actros-ID6EL5Yj.html
6099377058,Mercedes-Benz Actros,43 500 EUR,2016,830 000 km,12 809 cm3,Diesel, https://www.otomoto.pl/oferta/mercedes-benz-actros-1845-ls-standard-bigspace-salon-pl-bez-retardera-bezwypadek-ID6EMmBk.html
6096754947,Mercedes-Benz ACTROS,111 900 PLN,2014,429 000 km,,Diesel, https://www.otomoto.pl/oferta/mercedes-benz-actros-zakupiony-w-polskim-salonie-modelowy-2015-hydraulika-ID6EBmtd.html
6099321510,Mercedes-Benz ACTROS 1845 MP4 / EURO 6 / ZADBANY /,136 000 PLN,2015,850 000 km,,Diesel, https://www.otomoto.pl/oferta/mercedes-benz-actros-1845-mp4-euro-6-zadbany-polski-salon-standard-ID6EM89o.html
6097436905,Mercedes-Benz ACTROS,152 000 PLN,2016,686 807 km,,Diesel, https://www.otomoto.pl/oferta/mercedes-benz-actros-ID6EEdSx.html
6093859707,Mercedes-Benz Actros 1845 |  StreamSpace |  standard,132 900 PLN,2017,976 459 km,12 809 cm3,Diesel, https://www.otomoto.pl/oferta/mercedes-benz-actros-1845-streamspace-standard-actros-1845-streamspace-standard-euro-6-ID6EpdhN.html
6094268788,Mercedes-Benz ACTROS 1845 EURO 6_DOFINANSOWANY_ZADBANY,92 500 PLN,2014,1 476 000 km,777 cm3,Diesel, https://www.otomoto.pl/oferta/mercedes-benz-actros-1845-euro-6-dofinansowany-zadbany-ID6EqWHS.html
6096880418,Mercedes-Benz Actros 1845*Giga Space*Aktywny Tempomat*Lodówka*,269 000 PLN,2018,447 000 km,12 809 cm3,Diesel, https://www.otomoto.pl/oferta/mercedes-benz-actros-1845giga-spaceaktywny-tempomatlodowka-ID6EBT6V.html
6098028740,Mercedes-Benz Actros,163 000 PLN,2016,779 624 km,12 809 cm3,Diesel, https://www.otomoto.pl/oferta/mercedes-benz-actros-actros-1845-z-retarderem-ID6EGHQg.html
6099772447,Mercedes-Benz ACTROS,79 500 PLN,2014,1 150 000 km,10 677 cm3,Diesel, https://www.otomoto.pl/oferta/mercedes-benz-actros-sprzedam-ciagnik-samochodowy-mercedes-benz-actros-2014r-ID6EO1sz.html
6098207978,Mercedes-Benz Actros 1845 Bigspace Lowdeck,55 900 EUR,2018,413 516 km,,Diesel, https://www.otomoto.pl/oferta/mercedes-benz-actros-1845-bigspace-lowdeck-ID6EHstc.html
6099771785,Mercedes-Benz Actros 1845 Bigspace Lowdeck,55 900 EUR,2018,429 793 km,,Diesel, https://www.otomoto.pl/oferta/mercedes-benz-actros-1845-bigspace-lowdeck-ID6EO1hT.html
6099064339,Mercedes-Benz Actros 1848 Giga Space L0wdeck Bez retarder,45 500 EUR,2017,515 000 km,12 809 cm3,Diesel, https://www.otomoto.pl/oferta/mercedes-benz-actros-1848-giga-space-l0wdeck-bez-retarder-480hp-bez-retarder-fabrycznie-giga-space-ID6EL3ft.html
6099771014,Mercedes-Benz ACTROS 1845 BIG SPACE ACC 2016 R. SALON PL. JAK NOWY.,159 000 PLN,2016,780 000 km,12 809 cm3,Diesel, https://www.otomoto.pl/oferta/mercedes-benz-actros-1845-big-space-acc-2016-r-salon-pl-jak-nowy-standard-kontrakt-serwsowy-mercedes-salon-pl-idealny-ID6EO15s.html
6099770832,Mercedes-Benz Actros,175 000 PLN,2016,700 000 km,12 809 cm3,Diesel, https://www.otomoto.pl/oferta/mercedes-benz-actros-mercedes-benz-actros-mp4-ID6EO12v.html
6099300993,Mercedes-Benz ACTROS 1843 / PEŁNY ADR / WAGA: 7 T / MAŁY PRZEBIEG / EURO 6 /,219 900 PLN,2016,381 000 km,10 637 cm3,Diesel, https://www.otomoto.pl/oferta/mercedes-benz-actros-1843-pelny-adr-waga-7-t-maly-przebieg-euro-6-ID6EM2Ot.html
6097012271,Mercedes-Benz ACTROS,120 000 PLN,2016,813 000 km,12 809 cm3,Diesel, https://www.otomoto.pl/oferta/mercedes-benz-actros-mercedes-benz-actros-salon-pl-pierwszy-wl-serwisowany-w-mercedesie-ID6ECrpB.html
6099111629,Mercedes-Benz 1848 LS standard,54 000 EUR,2018,498 000 km,12 809 cm3,Diesel, https://www.otomoto.pl/oferta/mercedes-benz-1848-ls-standard-gigaspace-bez-retardera-xenon-klima-postoj-pokontraktowy-ID6ELfyd.html
6099562651,Mercedes-Benz Actros 1845 EURO-6 ADR,57 500 EUR,2017,472 735 km,12 809 cm3,Diesel, https://www.otomoto.pl/oferta/mercedes-benz-actros-1845-euro-6-adr-pierwszy-wlasciciel-pojazd-po-kontrakcie-serwisowym-ID6EN8SL.html
6098035968,Mercedes-Benz 1845 ACTROS,159 000 PLN,2016,820 000 km,,Diesel, https://www.otomoto.pl/oferta/mercedes-benz-1845-actros-ID6EGJIQ.html

Page, Total Adds
page_5, 32
ID, Title, Price, ProductionYear, Mileage, Power, Fuel, Link
6099765652,Mercedes-Benz Actros 1845 LS 4x2 BigSpace,30 300 EUR,2016,979 634 km,12 809 cm3,Diesel, https://www.otomoto.pl/oferta/mercedes-benz-actros-1845-ls-4x2-bigspace-ID6ENZGY.html
6099761557,Mercedes-Benz 1845,110 000 PLN,2015,868 060 km,12 809 cm3,Diesel, https://www.otomoto.pl/oferta/mercedes-benz-1845-mercede-benz-actros-1845-euro-6-low-deck-ID6ENYCW.html
6098198207,Mercedes-Benz Actros 1848 z Hidraulika,37 850 EUR,2016,589 079 km,,Diesel, https://www.otomoto.pl/oferta/mercedes-benz-actros-1848-z-hidraulika-ID6EHpWB.html
6099765049,Mercedes-Benz MERCEDES-BENZ  ACTROS 1848 / STREAM SPACE / EURO 6 /,159 900 PLN,2015,565 000 km,12 809 cm3,Diesel, https://www.otomoto.pl/oferta/mercedes-benz-mercedes-benz-actros-1848-stream-space-euro-6-ID6ENZxf.html
6099762229,Mercedes-Benz ACTROS 1845,39 900 EUR,2017,646 000 km,12 809 cm3,Diesel, https://www.otomoto.pl/oferta/mercedes-benz-actros-1845-actros-1845-2017r-ID6ENYNL.html
6099054030,Mercedes-Benz Actros,289 000 PLN,2018,530 000 km,,Diesel, https://www.otomoto.pl/oferta/mercedes-benz-actros-mercedes-benz-actros-1848-ls-big-space-ID6EL0zc.html
6098329048,Mercedes-Benz Actros 1845 lowdeck mega Salon Polska I właściciel,114 900 PLN,2015,850 000 km,,Diesel, https://www.otomoto.pl/oferta/mercedes-benz-actros-1845-lowdeck-mega-salon-polska-i-wlasciciel-model-1845-opony-80-ID6EHXXV.html
6099759526,Mercedes-Benz ACTROS 1848,335 000 PLN,2018,343 016 km,12 809 cm3,Diesel, https://www.otomoto.pl/oferta/mercedes-benz-actros-1848-mercedes-actros-1848-euro-6-stream-space-2018-rok-ID6ENY6a.html
6097367269,Mercedes-Benz Actros 1845 LS * Klima Postojowa *,285 000 PLN,2017,432 114 km,12 809 cm3,Diesel, https://www.otomoto.pl/oferta/mercedes-benz-actros-1845-ls-klima-postojowa-import-de-po-kontrakcie-serwisowym-ID6EDWLn.html
6098311602,Mercedes-Benz Actros 1848 Streamspace RETARDER,90 000 EUR,2020,62 500 km,12 809 cm3,Diesel, https://www.otomoto.pl/oferta/mercedes-benz-actros-1848-streamspace-retarder-actros-mp5-1848-streamspace-retarder-kamery-ID6EHTqy.html
6099276978,Mercedes-Benz ACTROS 1845 MP4 / GIGA SPACE / MEGA / AUTOMAT /RETARDER,30 500 EUR,2016,833 000 km,12 809 cm3,Diesel, https://www.otomoto.pl/oferta/mercedes-benz-actros-1845-mp4-giga-space-mega-automat-retarder-sprowadzony-serwisowany-ID6ELVz8.html
6099107164,Mercedes-Benz Actros 2545 Produkcja 09.2015 BDF 3 osie,89 900 PLN,2015,999 888 km,1 300 cm3,Diesel, https://www.otomoto.pl/oferta/mercedes-benz-actros-2545-produkcja-09-2015-bdf-3-osie-ID6ELeoc.html
6099034238,Mercedes-Benz Actros,205 000 PLN,2017,548 601 km,,Diesel, https://www.otomoto.pl/oferta/mercedes-benz-actros-ID6EKWpY.html
6099033927,Mercedes-Benz ACTROS 1845 LS,169 000 PLN,2017,626 788 km,,Diesel, https://www.otomoto.pl/oferta/mercedes-benz-actros-1845-ls-ID6EKWkX.html
6099356558,Mercedes-Benz Actros 1845 Standard Retarder Euro6,146 000 PLN,2015,750 000 km,,Diesel, https://www.otomoto.pl/oferta/mercedes-benz-actros-1845-standard-retarder-euro6-ID6EMhgG.html
6097820327,Mercedes-Benz ACTROS,135 000 PLN,2014,603 973 km,12 809 cm3,Diesel, https://www.otomoto.pl/oferta/mercedes-benz-actros-mercedes-benz-actros-1845-standard-ID6EFPCL.html
6098013257,Mercedes-Benz Actros,105 000 PLN,2014,906 000 km,13 000 cm3,Diesel, https://www.otomoto.pl/oferta/mercedes-benz-actros-sprzedam-mercedes-actros-mp4-euro-6-big-space-ID6EGDOx.html
6087770105,Mercedes-Benz Actros 1848 BIGSPACE Full opcja Xenon ACC PCC Air-bag,252 000 PLN,2018,548 000 km,12 802 cm3,Diesel, https://www.otomoto.pl/oferta/mercedes-benz-actros-1848-bigspace-full-opcja-xenon-acc-pcc-air-bag-salon-polska-1-wlasciciel-ID6DZF6p.html
6090217094,Mercedes-Benz Actros MP 4 Low Deck,129 500 PLN,2016,812 000 km,12 809 cm3,Diesel, https://www.otomoto.pl/oferta/mercedes-benz-actros-mp-4-low-deck-salonka-super-stan-pierwszy-wlasciciel-z-ruchu-miedzynarodowego-ID6E9WFY.html
6099542802,Mercedes-Benz ACTROS 1848 / BIG SPACE / EURO 6 / SPROWADZONY /,179 900 PLN,2015,615 000 km,12 809 cm3,Diesel, https://www.otomoto.pl/oferta/mercedes-benz-actros-1848-big-space-euro-6-sprowadzony-ID6EN3IC.html
6094360164,Mercedes-Benz Actros 1851 LS * BigSpace *,215 000 PLN,2016,596 580 km,12 809 cm3,Diesel, https://www.otomoto.pl/oferta/mercedes-benz-actros-1851-ls-bigspace-homeline-ID6ErjtG.html
6099739971,Mercedes-Benz ACTROS L 1845 / NA GWARANCJI / JAK NOWY / 02.2022 R / BIG SPACE /,106 000 EUR,2022,50 000 km,12 809 cm3,Diesel, https://www.otomoto.pl/oferta/mercedes-benz-actros-l-1845-na-gwarancji-jak-nowy-02-2022-r-big-space-ID6ENT0L.html
6094346855,Mercedes-Benz Actros Mp4,268 000 PLN,2017,360 000 km,12 800 cm3,Diesel, https://www.otomoto.pl/oferta/mercedes-benz-actros-mp4-mb-actros-bez-retardera-xenon-ppc-1300l-tylko-360-tys-km-ID6Erg11.html
6096836970,Mercedes-Benz Actros,308 000 PLN,2018,454 397 km,12 809 cm3,Diesel, https://www.otomoto.pl/oferta/mercedes-benz-actros-ID6EBHOa.html
6096836613,Mercedes-Benz Actros,306 000 PLN,2018,468 560 km,12 809 cm3,Diesel, https://www.otomoto.pl/oferta/mercedes-benz-actros-mercedes-actros-1848ls-ID6EBHIp.html
6093958345,Mercedes-Benz ACTROS,145 000 PLN,2014,733 000 km,12 809 cm3,Diesel, https://www.otomoto.pl/oferta/mercedes-benz-actros-2014r-webasto-klima-bardzo-dobry-stan-ID6EpCVJ.html
6099735486,Mercedes-Benz Actros,87 000 EUR,2020,149 000 km,,Diesel, https://www.otomoto.pl/oferta/mercedes-benz-actros-1845-ID6ENRQq.html
6098173123,Mercedes-Benz Actros 1845 Bigspace Lowdeck,38 900 EUR,2017,637 406 km,,Diesel, https://www.otomoto.pl/oferta/mercedes-benz-actros-1845-bigspace-lowdeck-ID6EHjp1.html
6098173377,Mercedes-Benz Actros 1848 Bigspace,33 900 EUR,2016,640 203 km,,Diesel, https://www.otomoto.pl/oferta/mercedes-benz-actros-1848-bigspace-ID6EHjt7.html
6099348375,Mercedes-Benz Actros 1848 Salonka Retarder Lodowka Klima Postojowa,129 000 PLN,2014,854 000 km,13 000 cm3,Diesel, https://www.otomoto.pl/oferta/mercedes-benz-actros-1848-salonka-retarder-lodowka-klima-postojowa-ID6EMf8H.html
6099081571,Mercedes-Benz ACTROS / 1848 / ACC / E 6 / GIGA SPACE / RETARDER / BAKI 1300 L / MAŁY PRZEBIEG,268 000 PLN,2017,370 000 km,12 809 cm3,Diesel, https://www.otomoto.pl/oferta/mercedes-benz-actros-1848-acc-e-6-giga-space-retarder-baki-1300-l-maly-przebieg-ID6EL7Jp.html
6099081508,Mercedes-Benz ACTROS / 1845 / ACC / E 6 / GIGA SPACE / BAKI 1300 L / MAŁY PRZEBIEG,316 000 PLN,2018,350 000 km,12 809 cm3,Diesel, https://www.otomoto.pl/oferta/mercedes-benz-actros-1845-acc-e-6-giga-space-baki-1300-l-maly-przebieg-ID6EL7Io.html

Page, Total Adds
page_6, 32
ID, Title, Price, ProductionYear, Mileage, Power, Fuel, Link
6099533101,Mercedes-Benz ACTROS / 1848 / ACC / E 6 / MEGA / LOW DECK / BIG SPACE,292 000 PLN,2018,370 000 km,12 809 cm3,Diesel, https://www.otomoto.pl/oferta/mercedes-benz-actros-1848-acc-e-6-mega-low-deck-big-space-ID6EN1c9.html
6099089818,Mercedes-Benz Actros 1845 LS 4x2 BigSpace,59 300 EUR,2019,561 502 km,12 809 cm3,Diesel, https://www.otomoto.pl/oferta/mercedes-benz-actros-1845-ls-4x2-bigspace-ID6EL9Sq.html
6098885472,Mercedes-Benz Actros Mp4 1863,335 000 PLN,2017,598 000 km,16 000 cm3,Diesel, https://www.otomoto.pl/oferta/mercedes-benz-actros-mp4-1863-actros-630-ps-full-opcja-pikowane-skorzane-wnetrze-1-w-pl-ID6EKiIv.html
6097166282,Mercedes-Benz ACTROS 2653 6X2+2 HYDRAULIKA AUTOMAT,68 900 EUR,2018,294 000 km,12 809 cm3,Diesel, https://www.otomoto.pl/oferta/mercedes-benz-actros-2653-6x2-2-hydraulika-automat-ID6ED5tE.html
6097620413,Mercedes-Benz actros,240 000 PLN,2014,616 000 km,15 569 cm3,Diesel, https://www.otomoto.pl/oferta/mercedes-benz-actros-mercedes-benz-2663-6x4-bdb-ID6EEZCl.html
6099083779,Mercedes-Benz ACTROS 1845 LS / BIGSPACE / STANDARD,299 000 PLN,2018,370 000 km,12 809 cm3,Diesel, https://www.otomoto.pl/oferta/mercedes-benz-actros-1845-ls-bigspace-standard-mozliwosc-finansowania-ID6EL8j1.html
6098665280,Mercedes-Benz ACTROS  MP4 1843 430KM BIG SPACE AUTOMAT EURO VI,140 000 PLN,2015,598 000 km,10 677 cm3,Diesel, https://www.otomoto.pl/oferta/mercedes-benz-actros-mp4-1843-430km-big-space-automat-euro-vi-salon-polska-i-wlasciciel-serwis-aso-bezwypadkowy-vf23-pewny-sprzet-ID6EJnr2.html
6099219424,Mercedes-Benz 1845 LS standard bez retardera fabrycznie,60 000 EUR,2018,460 000 km,12 809 cm3,Diesel, https://www.otomoto.pl/oferta/mercedes-benz-1845-ls-standard-bez-retardera-fabrycznie-rezerwacja-bigspace-ls-2018-6xnowe-opony315-70-22-5klima-postoj-ID6ELHAQ.html
6099219364,Mercedes-Benz 1845 LS standard bez retardera fabrycznie,60 000 EUR,2018,450 000 km,12 809 cm3,Diesel, https://www.otomoto.pl/oferta/mercedes-benz-1845-ls-standard-bez-retardera-fabrycznie-bigspace-ls-2018-6xnowe-opony315-70-22-5klima-postoj-ID6ELHzS.html
6099716613,Mercedes-Benz ACTROS,7 000 PLN,2016,750 000 km,,Diesel, https://www.otomoto.pl/oferta/mercedes-benz-actros-wynajme-ciagnik-siodlowy-ID6ENMV1.html
6098277210,Mercedes-Benz AROCS ACTROS 1845 HYDRAULIKA NISKA KABINA ALU FELGISUPER TRĄBY,68 000 EUR,2019,189 900 km,,Diesel, https://www.otomoto.pl/oferta/mercedes-benz-arocs-actros-1845-hydraulika-niska-kabina-alu-felgisuper-traby-ID6EHKtQ.html
6097681022,Mercedes-Benz Actros MP4,154 600 PLN,2016,500 000 km,,Diesel, https://www.otomoto.pl/oferta/mercedes-benz-actros-mp4-ID6EFfnU.html
6093791193,Mercedes-Benz Acxtros 1851 LS * Full opcja * BigSpace *,225 000 PLN,2016,540 785 km,12 809 cm3,Diesel, https://www.otomoto.pl/oferta/mercedes-benz-acxtros-1851-ls-full-opcja-bigspace-hydraulika-ID6EoWsJ.html
6097828080,Mercedes-Benz Actros,125 000 PLN,2014,665 000 km,,Diesel, https://www.otomoto.pl/oferta/mercedes-benz-actros-mercedes-actros-low-deck-ID6EFRDO.html
6096408032,Mercedes-Benz Actros 1848 GigaSpace Bez retarder L0wdeck Mega,209 900 PLN,2017,499 999 km,12 809 cm3,Diesel, https://www.otomoto.pl/oferta/mercedes-benz-actros-1848-gigaspace-bez-retarder-l0wdeck-mega-ID6EzUdO.html
6099498156,Mercedes-Benz Actros 1845 LSnRL * Regulowane siodło * Bi-Xenon *,239 000 PLN,2017,523 000 km,12 809 cm3,Diesel, https://www.otomoto.pl/oferta/mercedes-benz-actros-1845-lsnrl-regulowane-siodlo-bi-xenon-klima-postojowa-import-de-doinwestowany-ID6EMS6v.html
6099702162,Mercedes-Benz ACTROS 1845 / STREAM SPACE / RETARDER / FLEETBOARD / EURO 6 /,159 900 PLN,2015,643 000 km,12 809 cm3,Diesel, https://www.otomoto.pl/oferta/mercedes-benz-actros-1845-stream-space-retarder-fleetboard-euro-6-ID6ENJaV.html
6099697699,Mercedes-Benz ACTROS 1845 / STREAM SPACE / LOW DECK / 2019 R / MEGA / POLSKI SALON / EURO 6 /,312 000 PLN,2019,363 000 km,12 780 cm3,Diesel, https://www.otomoto.pl/oferta/mercedes-benz-actros-1845-stream-space-low-deck-2019-r-mega-polski-salon-euro-6-ID6ENI0X.html
6094787614,Mercedes-Benz ACTROS 1843 / HYADRAULIKA / EURO 6 / Z NIEMIEC /,119 900 PLN,2014,790 000 km,10 677 cm3,Diesel, https://www.otomoto.pl/oferta/mercedes-benz-actros-1843-hyadraulika-euro-6-z-niemiec-ID6Et6G2.html
6099207664,Mercedes-Benz ACTROS 1840 MP4 / EURO 6 / PEŁNY ADR / AUTOMAT /,129 500 PLN,2015,820 000 km,,Diesel, https://www.otomoto.pl/oferta/mercedes-benz-actros-1840-mp4-euro-6-pelny-adr-automat-czerwony-pasek-polski-salon-pelen-serwis-ID6ELExa.html
6098651278,Mercedes-Benz Actros 1842LS,134 900 PLN,2015,732 000 km,12 809 cm3,Diesel, https://www.otomoto.pl/oferta/mercedes-benz-actros-1842ls-ID6EJjNc.html
6098581827,Mercedes-Benz Actros 1845,138 000 PLN,2014,738 000 km,12 809 cm3,Diesel, https://www.otomoto.pl/oferta/mercedes-benz-actros-1845-euro-6-standard-ID6EJ1J1.html
6099064748,Mercedes-Benz Actros 1845 LSnRL * Regulowane siodło * Bi-Xenon *,229 000 PLN,2017,569 058 km,12 809 cm3,Diesel, https://www.otomoto.pl/oferta/mercedes-benz-actros-1845-lsnrl-regulowane-siodlo-bi-xenon-klima-postojowa-import-de-doinwestowany-ID6EL3m4.html
6099064358,Mercedes-Benz Actros 1845 Bigspace Lowdeck,58 900 EUR,2018,384 026 km,,Diesel, https://www.otomoto.pl/oferta/mercedes-benz-actros-1845-bigspace-lowdeck-ID6EL3fM.html
6099301183,Mercedes-Benz ACTROS 1848 EURO6 GIGA SPACE,342 000 PLN,2018,315 500 km,12 809 cm3,Diesel, https://www.otomoto.pl/oferta/mercedes-benz-actros-1848-euro6-giga-space-mercedes-benz-actros-1848-euro6-giga-space-mega-2018-rok-ID6EM2Rx.html
6096647808,Mercedes-Benz ACTROS MP4 2017,195 000 PLN,2016,510 000 km,12 809 cm3,Diesel, https://www.otomoto.pl/oferta/mercedes-benz-actros-mp4-2017-actros-mp4-2017r-ID6EAUBa.html
6098855601,Mercedes-Benz Actros 1845 LS,104 500 PLN,2014,985 000 km,,Diesel, https://www.otomoto.pl/oferta/mercedes-benz-actros-1845-ls-ID6EKaVJ.html
6099469476,Mercedes-Benz Actros,129 300 PLN,2015,939 583 km,,Diesel, https://www.otomoto.pl/oferta/mercedes-benz-actros-ID6EMKDV.html
6099472415,Mercedes-Benz ACTROS / 1848 / ACC / E 6 / MEGA / LOW DECK / GIGA SPACE,338 000 PLN,2019,210 000 km,12 809 cm3,Diesel, https://www.otomoto.pl/oferta/mercedes-benz-actros-1848-acc-e-6-mega-low-deck-giga-space-ID6EMLpl.html
6098852104,Mercedes-Benz ACTROS 1845,118 000 PLN,2014,891 500 km,12 809 cm3,Diesel, https://www.otomoto.pl/oferta/mercedes-benz-actros-1845-mega-od-wlasciciela-okazja-ID6EKa2k.html
6099685059,Mercedes-Benz Actros MP4 euro 6,155 500 PLN,2016,784 569 km,,Diesel, https://www.otomoto.pl/oferta/mercedes-benz-actros-mp4-euro-6-bigspace-retarder-ID6ENEJ5.html
6098304538,Mercedes-Benz Actros 1848,199 000 PLN,2017,597 000 km,12 805 cm3,Diesel, https://www.otomoto.pl/oferta/mercedes-benz-actros-1848-bez-retardera-low-deck-mega-xenon-full-serwis-gigaspace-sprowadzony-ID6EHRAC.html

Page, Total Adds
page_7, 32
ID, Title, Price, ProductionYear, Mileage, Power, Fuel, Link
6099464724,Mercedes-Benz ACTROS 1845 Ciągnik siodłowy * STAN BDB,229 000 PLN,2017,527 000 km,12 800 cm3,Diesel, https://www.otomoto.pl/oferta/mercedes-benz-actros-1845-ciagnik-siodlowy-stan-bdb-ID6EMJpi.html
6099290089,Mercedes-Benz ACTROS 1845 BIGSPACE NOWY MODEL!,415 000 PLN,2020,150 000 km,12 900 cm3,Diesel, https://www.otomoto.pl/oferta/mercedes-benz-actros-1845-bigspace-nowy-model-salon-pl-2021-przeb-tylko-150tys-km-na-gwarancji-ID6ELZYB.html
6098942970,Mercedes-Benz Actros 1845 Stream Space Low Deck Serwisowany Salon PL!,122 000 PLN,2016,820 000 km,,Diesel, https://www.otomoto.pl/oferta/mercedes-benz-actros-1845-stream-space-low-deck-serwisowany-salon-pl-actros-1845-stream-space-low-deck-serwisowany-salon-pl-ID6EKxFU.html
6099461533,Mercedes-Benz ACTROS 1842,89 000 PLN,2014,1 341 000 km,,Diesel, https://www.otomoto.pl/oferta/mercedes-benz-actros-1842-ID6EMIzP.html
6099192484,Mercedes-Benz ACTROS 1843 LS,157 000 PLN,2017,557 000 km,,Diesel, https://www.otomoto.pl/oferta/mercedes-benz-actros-1843-ls-nr-oferty-12-0047-po-kontrakcie-serwisowym-wzorowy-ID6ELAAk.html
6099155635,Mercedes-Benz ACTROS,297 700 PLN,2017,570 000 km,12 809 cm3,Diesel, https://www.otomoto.pl/oferta/mercedes-benz-actros-mercedes-actros-2017-ID6ELqZZ.html
6095203220,Mercedes-Benz Actros,149 900 PLN,2015,520 000 km,12 809 cm3,Diesel, https://www.otomoto.pl/oferta/mercedes-benz-actros-1845-standard-big-space-euro-6-ID6EuQNm.html
6099668611,Mercedes-Benz ACTROS 18.45 4x4 Hydro Drive |  hydraulika |  15r SUPER IDEALNY,179 000 PLN,2015,500 000 km,12 800 cm3,Diesel, https://www.otomoto.pl/oferta/mercedes-benz-actros-18-45-4x4-hydro-drive-hydraulika-15r-super-idealny-mercedes-benz-actros-18-45-4x4-hydro-drive-hydraulika-15r-super-stan-ID6ENArN.html
6099665409,Mercedes-Benz Actros 1845 LS 4x2 StreamSpace PB,37 300 EUR,2017,844 711 km,12 809 cm3,Diesel, https://www.otomoto.pl/oferta/mercedes-benz-actros-1845-ls-4x2-streamspace-pb-ID6ENzC9.html
6099453873,Mercedes-Benz Actros 1845 LS 4x2 StreamSpace PB,37 100 EUR,2017,853 986 km,12 809 cm3,Diesel, https://www.otomoto.pl/oferta/mercedes-benz-actros-1845-ls-4x2-streamspace-pb-ID6EMGAh.html
6097912803,Mercedes-Benz Actros 1845 LS * Klima Postojowa *,275 000 PLN,2017,439 750 km,12 809 cm3,Diesel, https://www.otomoto.pl/oferta/mercedes-benz-actros-1845-ls-klima-postojowa-import-de-po-kontrakcie-serwisowym-ID6EGdGj.html
6099451905,Mercedes-Benz Actros 1848 LS 4x2 BigSpace PC,42 400 EUR,2017,841 884 km,12 809 cm3,Diesel, https://www.otomoto.pl/oferta/mercedes-benz-actros-1848-ls-4x2-bigspace-pc-ID6EMG4x.html
6099451859,Mercedes-Benz Actros 1845 LS 4x2 BigSpace  CPS,91 100 EUR,2021,227 303 km,12 800 cm3,Diesel, https://www.otomoto.pl/oferta/mercedes-benz-actros-1845-ls-4x2-bigspace-cps-ID6EMG3N.html
6095904123,Mercedes-Benz Actros 1848 GigaSpace Bez retder L0wdeck,46 500 EUR,2017,570 000 km,12 809 cm3,Diesel, https://www.otomoto.pl/oferta/mercedes-benz-actros-1848-gigaspace-bez-retder-l0wdeck-giga-space-480hp-waski-wydech-bez-retarder-ID6ExN8f.html
6098339993,Mercedes-Benz Actros,119 999 PLN,2015,815 281 km,10 677 cm3,Diesel, https://www.otomoto.pl/oferta/mercedes-benz-actros-ID6EI0Ot.html
6098058221,Mercedes-Benz Actros 2545 LS 6x2,118 900 EUR,2021,109 264 km,,Diesel, https://www.otomoto.pl/oferta/mercedes-benz-actros-2545-ls-6x2-pakiet-serwisowy-complete-kabina-l-2545-ls-6x2-2-ID6EGPwL.html
6098898915,Mercedes-Benz Actros,89 900 PLN,2014,922 846 km,,Diesel, https://www.otomoto.pl/oferta/mercedes-benz-actros-pierwszy-wlasciciel-serwisowany-salonka-ID6EKmdl.html
6097739838,Mercedes-Benz 1845,102 000 PLN,2014,977 400 km,12 809 cm3,Diesel, https://www.otomoto.pl/oferta/mercedes-benz-1845-mercede-benz-actros-1845-euro-6-standart-ID6EFuGy.html
6097721059,Mercedes-Benz 1845,102 000 PLN,2015,866 600 km,12 809 cm3,Diesel, https://www.otomoto.pl/oferta/mercedes-benz-1845-mercede-benz-actros-1845-euro-6-low-deck-ID6EFpNF.html
6088471306,Mercedes-Benz 1846 Actros,232 000 PLN,2018,372 222 km,,Diesel, https://www.otomoto.pl/oferta/mercedes-benz-1846-actros-streamspace-ID6E2Bv6.html
6099165827,Mercedes-Benz ACTROS 1845 / ZŁOTY KONTRAKT / STANDARD /,19 900 EUR,2014,999 000 km,,Diesel, https://www.otomoto.pl/oferta/mercedes-benz-actros-1845-zloty-kontrakt-standard-ID6ELtEn.html
6099617430,Mercedes-Benz Actros 1845,23 500 EUR,2014,945 630 km,12 800 cm3,Diesel, https://www.otomoto.pl/oferta/mercedes-benz-actros-1845-actros-1845-ID6ENn8i.html
6095483148,Mercedes-Benz ACTROS 1845,35 900 EUR,2017,805 000 km,,Diesel, https://www.otomoto.pl/oferta/mercedes-benz-actros-1845-1-szy-wlasciciel-mp4-ls-4x2-big-space-salon-pl-ID6Ev1Ck.html
6099540379,Mercedes-Benz Actros 1845,23 500 EUR,2014,861 236 km,12 800 cm3,Diesel, https://www.otomoto.pl/oferta/mercedes-benz-actros-1845-actros-1845-ID6EN35x.html
6097348153,Mercedes-Benz Actros 1845 LS,64 500 EUR,2018,458 852 km,,Diesel, https://www.otomoto.pl/oferta/mercedes-benz-actros-1845-ls-ID6EDQN3.html
6099159196,Mercedes-Benz Actros  MP4  Low Deck,87 000 PLN,2014,894 000 km,12 600 cm3,Diesel, https://www.otomoto.pl/oferta/mercedes-benz-actros-mp4-low-deck-actros-mp4-low-deck-ID6ELrWq.html
6098139889,Mercedes-Benz actros,27 000 EUR,2015,640 763 km,10 677 cm3,Diesel, https://www.otomoto.pl/oferta/mercedes-benz-actros-mercedes-actros-1943-ls-ID6EHaKZ.html
6098026758,Mercedes-Benz Actros 1845 MP4 LS 4X2 StreamSpace EURO 6,91 000 PLN,2014,1 080 000 km,,Diesel, https://www.otomoto.pl/oferta/mercedes-benz-actros-1845-mp4-ls-4x2-streamspace-euro-6-i-wlasciciel-serwisowany-ID6EGHki.html
6098228451,Mercedes-Benz actros,110 000 PLN,2015,840 000 km,12 809 cm3,Diesel, https://www.otomoto.pl/oferta/mercedes-benz-actros-mercedes-actros-mp4-2015-ID6EHxNp.html
6097929784,Mercedes-Benz ACTROS 1845 STANDARD,49 900 EUR,2017,429 000 km,,Diesel, https://www.otomoto.pl/oferta/mercedes-benz-actros-1845-standard-mb-actros-1845-standard-aktywny-tempomat-klima-postojowa-import-de-ID6EGi6c.html
6099153671,Mercedes-Benz ACTROS 1845,142 000 PLN,2015,640 000 km,,Diesel, https://www.otomoto.pl/oferta/mercedes-benz-actros-1845-import-niemcy-big-space-solostar-concept-retarder-stan-bdb-ID6ELquj.html
6098881499,Mercedes-Benz Actros,61 000 EUR,2019,450 000 km,12 809 cm3,Diesel, https://www.otomoto.pl/oferta/mercedes-benz-actros-1845-bigspace-lowdec-bez-retardera-po-serwisie-klima-ID6EKhGr.html

Page, Total Adds
page_8, 25
ID, Title, Price, ProductionYear, Mileage, Power, Fuel, Link
6097976857,Mercedes-Benz 1843,79 900 EUR,2020,165 000 km,10 677 cm3,Diesel, https://www.otomoto.pl/oferta/mercedes-benz-1843-pelny-adr-paliwa-ID6EGulr.html
6099577529,Mercedes-Benz Actros,147 500 PLN,2016,834 650 km,12 809 cm3,Diesel, https://www.otomoto.pl/oferta/mercedes-benz-actros-mercedes-benz-actros-1845-salonka-ID6ENcKJ.html
6096332733,Mercedes-Benz ACTROS 1845,23 500 EUR,2014,915 534 km,,Diesel, https://www.otomoto.pl/oferta/mercedes-benz-actros-1845-actros-1845-ID6EzADj.html
6098858350,Mercedes-Benz ACTROS,41 500 EUR,2017,668 515 km,12 809 cm3,Diesel, https://www.otomoto.pl/oferta/mercedes-benz-actros-mercedes-benz-1845-standard-bigspace-ID6EKbF4.html
6099502954,Mercedes-Benz Actros,180 000 PLN,2015,604 267 km,,Diesel, https://www.otomoto.pl/oferta/mercedes-benz-actros-mercedes-actros-18-450-ID6EMTlU.html
6098251267,Mercedes-Benz Actros 1842 MP4 LS 4X2 BigSpace EURO 6,54 400 EUR,2018,519 000 km,,Diesel, https://www.otomoto.pl/oferta/mercedes-benz-actros-1842-mp4-ls-4x2-bigspace-euro-6-i-wlasciciel-serwisowany-ID6EHDJp.html
6094762171,Mercedes-Benz Actros 1851 MP4 LS 4X2 BigSpace EURO 6,85 000 EUR,2020,144 000 km,,Diesel, https://www.otomoto.pl/oferta/mercedes-benz-actros-1851-mp4-ls-4x2-bigspace-euro-6-i-wlasciciel-serwisowany-ID6Et03F.html
6099562475,Mercedes-Benz 1845,60 000 EUR,2018,479 000 km,12 809 cm3,Diesel, https://www.otomoto.pl/oferta/mercedes-benz-1845-ls-standard-bigspace-bez-retardera-po-serwisie-ID6EN8PW.html
6099131466,Mercedes-Benz,58 500 EUR,2018,345 000 km,,Diesel, https://www.otomoto.pl/oferta/mercedes-benz-big-space-baki-1300l-ID6ELkIa.html
6099557606,Mercedes-Benz Actros,61 000 EUR,2019,450 000 km,12 809 cm3,Diesel, https://www.otomoto.pl/oferta/mercedes-benz-actros-1845-bigspace-lowdec-bez-retardera-po-serwisie-klima-ID6EN7zo.html
6095601455,Mercedes-Benz Actros 1846,55 900 EUR,2017,365 000 km,,Diesel, https://www.otomoto.pl/oferta/mercedes-benz-actros-1846-retarder-stan-idealny-ID6Evvow.html
6095257086,Mercedes-Benz 1840,139 000 PLN,2016,448 712 km,,Diesel, https://www.otomoto.pl/oferta/mercedes-benz-1840-actros-mp4-euro-6-hydraulika-super-stan-ID6Ew4Oa.html
6099123052,Mercedes-Benz Actros,235 000 PLN,2017,409 000 km,12 809 cm3,Diesel, https://www.otomoto.pl/oferta/mercedes-benz-actros-mp4-1845-lowliner-ID6ELivs.html
6091178478,Mercedes-Benz,119 000 PLN,2015,836 000 km,,Diesel, https://www.otomoto.pl/oferta/mercedes-benz-actros-1845-euro-6-low-deck-serwisowany-idealny-ID6EdXMa.html
6098839018,Mercedes-Benz actros,150 000 PLN,2017,834 121 km,12 500 cm3,Diesel, https://www.otomoto.pl/oferta/mercedes-benz-actros-actros-1845-mega-klima-postojowa-ID6EK6Dg.html
6098838051,Mercedes-Benz ACTROS 1845 / EURO 6 / AUTOMAT / STANDARD,112 000 PLN,2014,954 192 km,12 809 cm3,Diesel, https://www.otomoto.pl/oferta/mercedes-benz-actros-1845-euro-6-automat-standard-ID6EK6nF.html
6098836703,Mercedes-Benz Actos 1836 / Welgro,165 000 PLN,2016,443 572 km,,Diesel, https://www.otomoto.pl/oferta/mercedes-benz-actos-1836-welgro-ID6EK61W.html
6098314238,Mercedes-Benz Actros,30 000 EUR,2015,676 000 km,12 809 cm3,Diesel, https://www.otomoto.pl/oferta/mercedes-benz-actros-1845-gigaspace-lowdec-bez-retardera-po-serwisie-ID6EHU74.html
6094841740,Mercedes-Benz Actros 1845LSnRL,160 000 PLN,2016,860 000 km,12 809 cm3,Diesel, https://www.otomoto.pl/oferta/mercedes-benz-actros-1845lsnrl-big-space-pierwszy-wlasiciel-salon-pl-mozliwosc-zakupu-z-praca-ID6EtkL2.html
6096797818,Mercedes-Benz Actros,120 000 PLN,2015,700 000 km,12 809 cm3,Diesel, https://www.otomoto.pl/oferta/mercedes-benz-actros-mercedes-actros-mp4-euro-6-pierwszy-wlasciciel-od-nowosci-ID6EBxCG.html
6099441162,Mercedes-Benz ACTROS MP4-EURO 6/TYLKO 319 TYŚ.KM/KLIMA KABINOWA/SUPER STAN !,148 500 PLN,2014,319 000 km,10 677 cm3,Diesel, https://www.otomoto.pl/oferta/mercedes-benz-actros-mp4-euro-6-tylko-319-tys-km-klima-kabinowa-super-stan-actros-mp4-euro-6-klima-kabinowa-webasto-super-stan-maly-przebieg-ID6EMDhg.html
6099415154,Mercedes-Benz Actros 1842,135 000 PLN,2016,607 986 km,12 809 cm3,Diesel, https://www.otomoto.pl/oferta/mercedes-benz-actros-1842-actros-1842-ID6EMvwM.html
6098318329,Mercedes-Benz Actross 1845,109 000 EUR,2022,1 km,,Diesel, https://www.otomoto.pl/oferta/mercedes-benz-actross-1845-ID6EHWb3.html
6085464514,Mercedes-Benz Actros 18.42LS Standard BIG-SPACE !! Okazja,49 900 EUR,2018,498 000 km,,Diesel, https://www.otomoto.pl/oferta/mercedes-benz-actros-18-42ls-standard-big-space-okazja-ID6DPZjs.html
6082279556,Mercedes-Benz Actros 18.45 LS Giga Full opcja !!!Niski przebieg,39 900 EUR,2016,598 000 km,,Diesel, https://www.otomoto.pl/oferta/mercedes-benz-actros-18-45-ls-giga-full-opcja-niski-przebieg-stan-jak-nowy-okazja-ID6DCCLa.html

